Business Name,City,Google Rating,Address / Contact Info
Vibrant kitchen king,Rajkot,4.9,"Local Area, Rajkot"
Mudra Kitchenware Manufacturer And Exporter,Rajkot,4.3,"Local Area, Rajkot"
The One Kitchen Equipment,Rajkot,4.8,"Local Area, Rajkot"
Rajkot Kitchenware Manufacturers Association,Rajkot,5.0,"Local Area, Rajkot"
"Kayden Kitchenware(INDIA)| SS Chilly Cutter, Vegetable Cutter & Chopper Manufacturer | Global Exporter Of Kitchenware Product",Rajkot,4.9,"Local Area, Rajkot"
Ojas kitchen ware pvt. Ltd.,Rajkot,4.6,"Local Area, Rajkot"
Indo Kitchen Metal Ind. Masco Kitchenware,Rajkot,4.1,"Local Area, Rajkot"
Kavya Enterprise (Kitchenware Products),Rajkot,5.0,"Local Area, Rajkot"
COOKNEX FOOD TECH | Commercial Kitchen Equipment Supplier,Rajkot,5.0,"Local Area, Rajkot"
Kitchen King | Best Modular Kitchen & Appliances Rajkot,Rajkot,4.4,"Local Area, Rajkot"
"GEETU PRODUCTS | Kitchen Gas Lighter Manufacturer | Knife , Kitchenware Manufacturer",Rajkot,5.0,"Local Area, Rajkot"
ROYAL KITCHENWARE,Rajkot,4.8,"Local Area, Rajkot"
SR KITCHEN EQUIPMENT,Rajkot,5.0,"Local Area, Rajkot"
Bhavna Kitchen Gallery,Rajkot,4.9,"Local Area, Rajkot"
TRADE (kitchenware manufacturer),Rajkot,4.9,"Local Area, Rajkot"
CULINOX KITCHEN EQUIPMENT,Rajkot,5.0,"Local Area, Rajkot"
Decent Appliances & Kitchenware,Rajkot,5.0,"Local Area, Rajkot"
CHARMY PRODUCTS,Rajkot,4.7,"Local Area, Rajkot"
VRTAJ Group,Rajkot,4.9,"Local Area, Rajkot"
Kitchen's Heaven - Modular Kitchen Rajkot | Luxury Budget Modular Kitchen,Rajkot,4.5,"Local Area, Rajkot"
Mitticool Store Rajkot,Rajkot,4.9,"Local Area, Rajkot"
KESHAV KITCHEN EQUIPMENT,Rajkot,5.0,"Local Area, Rajkot"
Miracle Kitchenware,Rajkot,3.9,"Local Area, Rajkot"
Konvex Kitcheware,Rajkot,4.9,"Local Area, Rajkot"
Ultimax Food Machine Pvt.Ltd. - food processing machine | kitchen equipment Roti machine manufacturer,Rajkot,5.0,"Local Area, Rajkot"
Perfect Kitchen Equipments,Rajkot,4.4,"Local Area, Rajkot"
Pitrukrupa Enterprise,Rajkot,5.0,"Local Area, Rajkot"
Amul Enterprise Rajkot,Rajkot,5.0,"Local Area, Rajkot"
SIDDHESHWAR ENTERPRISE,Rajkot,4.9,"Local Area, Rajkot"
Balaji Kitchen Equipment,Rajkot,4.6,"Local Area, Rajkot"
Nirali Food Machinery,Rajkot,4.2,"Local Area, Rajkot"
ABLE KITCHENWARE,Rajkot,4.2,"Local Area, Rajkot"
Kitchen Concept,Rajkot,4.7,"Local Area, Rajkot"
Tradekart Kitchen Equipment,Rajkot,4.7,"Local Area, Rajkot"
DEEP KITCHENWARE ( DK CLASS ),Rajkot,4.3,"Local Area, Rajkot"
N-tic kitchenware,Rajkot,4.9,"Local Area, Rajkot"
Balaji Global Marketing Company | Praxis Kitchenware,Rajkot,5.0,"Local Area, Rajkot"
KITCHEN GALLERY,Rajkot,4.2,"Local Area, Rajkot"
HAKIMI TIN,Rajkot,4.1,"Local Area, Rajkot"
"Dharmi Equipments | Display counter Manufacturers | Sweet Display counter | Kitchen equipment manufacturer in Rajkot, India",Rajkot,4.5,"Local Area, Rajkot"
Kitchenware Wholesale Rajkot,Rajkot,4.0,"Local Area, Rajkot"
KITCHMAKE PLASTECH PRIVATE LIMITED,Rajkot,5.0,"Local Area, Rajkot"
Kavya kitchenware,Rajkot,4.9,"Local Area, Rajkot"
Sonal Kitchen Gallery,Rajkot,4.6,"Local Area, Rajkot"
Teco Home,Rajkot,5.0,"Local Area, Rajkot"
Chimney Khajana (C/o. Arya Enterprise),Rajkot,4.9,"Local Area, Rajkot"
Dhyani Kitchenware & Home Appliances,Rajkot,5.0,"Local Area, Rajkot"
WOODMA The Kitchen Space,Rajkot,4.3,"Local Area, Rajkot"
Mahavir Marketing,Rajkot,4.9,"Local Area, Rajkot"
Bluecoin kitchenware.,Rajkot,4.8,"Local Area, Rajkot"
TOYO INTERNATIONAL COMPANY,Rajkot,4.7,"Local Area, Rajkot"
Dhruv Kitchenware Rajkot,Rajkot,4.7,"Local Area, Rajkot"
Supro Products India Pvt. Ltd.,Rajkot,5.0,"Local Area, Rajkot"
"IFB Point - Bhaktinagar, Rajkot",Rajkot,4.9,"Local Area, Rajkot"
Design Shop Nirali NG Sink,Rajkot,4.9,"Local Area, Rajkot"
VERITO INDIA,Rajkot,4.9,"Local Area, Rajkot"
K.R. KITCHENWARE IND.,Rajkot,4.9,"Local Area, Rajkot"
RUPALI Food Machine ( RK Food Machinery ),Rajkot,4.4,"Local Area, Rajkot"
Max Kitchenware,Rajkot,4.9,"Local Area, Rajkot"
FOXTAIL - Best Household and Kitchenware Products,Rajkot,5.0,"Local Area, Rajkot"
Konzept Modular Kitchen & Furniture,Rajkot,4.9,"Local Area, Rajkot"
NEW HAKIMI TIN WORKS,Rajkot,4.9,"Local Area, Rajkot"
Rachna Sales,Rajkot,5.0,"Local Area, Rajkot"
